date,month,T_max,T_min,Humidity_1,Humidity_2,WindSpeed,Sunshine Hours
1.0,1.0,1.038321165181633,0.7965209350879765,0.730980677396885,1.0203833879124729,0.8991516889840716,0.9531373855062545
2.0,1.0,0.7295611585938112,1.0664962251039785,0.733166682931723,1.0026655607020545,0.9893698536572532,1.1543820119650665
3.0,1.0,1.045209883621667,0.6951301905184184,1.0512260589091924,0.7140079653739881,0.886973822596373,1.0276495194560864
4.0,1.0,1.0623526635068345,1.760702060944853,1.1079633160357205,1.024345681076704,0.8888638232019496,1.1982276505325922
5.0,1.0,0.9557290823584367,0.9084052228660119,0.9612605159851165,1.051072204449565,0.9014703902701762,1.1362622796639283
6.0,1.0,0.9200779716213481,1.0949706956112484,0.5065946832480932,1.0747129815626089,0.8931617565715815,1.1065047645051405
7.0,1.0,0.9603731595758862,0.8482766194606008,0.6090070392331719,0.8381392751849931,0.8683170565016426,0.968200943347509
8.0,1.0,0.9115110316714008,0.8717513653241171,0.6378239951653538,1.379660476056376,0.9142478041536827,1.1555019832902402
9.0,1.0,0.9984706799190723,0.8974053441527194,0.7693026755486851,0.6996573294579336,0.8029932896116949,1.1210703022632542
10.0,1.0,0.998827972283368,1.042287797462858,1.2274784817468931,1.034601292228827,0.4653787784025183,1.1205954330375827
11.0,1.0,0.7758607439740652,1.3206596527366692,1.0185318423928307,1.4454003646625961,0.9167523619711234,0.8465290193602685
12.0,1.0,0.9264264285728891,0.8983896376963081,1.0369105854001188,0.8334766064449523,0.6451189854633029,1.1141452184499498
13.0,1.0,0.8219605312786031,1.0786531420618999,1.4950175685228828,0.9187782544177725,0.9011226401055163,1.0667068550425638
14.0,1.0,0.6141417677979906,1.1099637223363865,0.7334030594157664,0.7173218263298932,0.8701589970315374,1.0006201599598938
15.0,1.0,0.8496313312498484,1.1731711282949622,0.6692762276946338,1.0755452755779664,0.8805325727588688,1.083543351364951
16.0,1.0,0.8212498933233465,0.7269799164054307,1.532728454790581,1.112435883625887,0.8770154742713611,0.989534363660381
17.0,1.0,0.9812860317626414,0.834713005548004,0.7329028036442842,1.0000909460811256,0.8747533175452087,0.975779215883158
18.0,1.0,1.0423531765084124,1.3417469271986004,0.9460699525734853,1.8252017479154397,0.9038021177641189,1.1721573584869411
19.0,1.0,0.7023449101871632,1.0809127892099823,1.4304908403725831,0.9823650776277748,0.7519906784753914,1.2463878704839026
20.0,1.0,0.4702280334052361,1.4021366282237921,1.4186018220040166,0.8651620486117514,0.5437653310144426,0.8378295645299741
21.0,1.0,0.7867121534424675,0.9173261393881866,1.1746946346388398,1.1781780017899877,0.35926633096250477,1.1709391204796198
22.0,1.0,1.031808768032558,1.046539616271831,1.009324295957682,0.5828166610532549,1.1461567090128293,0.8230725992148199
23.0,1.0,0.9414707902481743,0.7700836406544154,0.5943420333425906,0.9913498693841065,0.9175436909837168,1.0586562832028255
24.0,1.0,0.8933726133214991,1.2723234578401268,0.9730506680368323,0.8385389965523992,0.8252918567521587,1.0857654165832693
25.0,1.0,0.8743681004094226,1.0778494885304535,0.8822399866950514,0.9846164518461517,0.9356193182927678,1.1297120934005371
26.0,1.0,0.7648622983643791,1.0199122670233973,1.6895090612904196,0.9655615030477176,0.9430817589313847,1.1527840111765773
27.0,1.0,0.901271667720483,0.829028619897395,0.7267438333071186,1.4962319520901608,0.8950963234180298,1.0734815411852077
28.0,1.0,0.6374784309154236,0.9860119739394128,0.8698694466998969,0.9805514200846835,0.8751982430129854,1.0651210151222192
29.0,1.0,1.238326912114077,1.1075434187311433,0.7720762626437758,0.9828837908155332,0.0893907628913231,1.1977830108374865
30.0,1.0,0.6628630243659971,1.4502376186834096,0.8763392361675746,0.9076766839579044,0.6730596204647168,1.1419328256638348
31.0,1.0,0.8405796758278842,1.068694123815229,0.7243990419213462,1.0448413321905408,0.8960930976560865,1.116622844416051
1.0,2.0,0.653440449440577,1.1393537434561272,1.4143299018691222,0.8823193982220159,0.551283410336154,0.9276614465555296
2.0,2.0,1.0108009970456664,1.03341782831076,1.3009168177008856,0.9680563284177912,0.5095599861317518,0.9175965936935069
3.0,2.0,0.6799903003356268,1.2798147047918726,1.3145868257861846,0.9365921699277995,1.01161812095082,0.8862196755694797
4.0,2.0,0.9577708861925394,1.0344290561934477,0.8095842578636246,1.0089969162714612,0.8340678526115471,1.1286193439217365
5.0,2.0,0.7871011185250216,1.1491027630124238,0.9124751431349108,1.0057377830994807,1.202393308720975,0.8731816397236365
6.0,2.0,0.9226710006117512,0.846211674090867,0.5611548289196925,1.3649462750112429,0.8681067833325431,1.1181797102481752
7.0,2.0,0.9226710006117512,0.846211674090867,0.5611548289196925,1.3649462750112429,0.8681067833325431,1.1181797102481752
8.0,2.0,0.653440449440577,1.1393537434561272,1.4143299018691222,0.8823193982220159,0.551283410336154,0.9276614465555296
9.0,2.0,0.9258055163011818,1.0778494885304535,0.8822399866950514,0.9846164518461517,0.9205232050367467,1.1297120934005371
10.0,2.0,0.9658979684624938,0.8593654093952086,0.6670094551256556,0.7768513656990672,0.9686160606519907,1.0270573006386043
11.0,2.0,0.7699115141858446,1.0427550559425933,0.7499113070375016,1.0989601130644604,0.9596102417669077,1.1102060973391326
12.0,2.0,0.9226710006117513,0.846211674090867,0.5611548289196925,1.3649462750112429,0.8681067833325431,1.1181797102481752
13.0,2.0,0.8918075115873987,0.07531263983920652,1.0902659272415598,0.9310713258429657,0.7209198239412256,1.0029557656799906
14.0,2.0,1.2701016778938186,0.9758213696683504,1.1423080809779882,0.7289976394073697,0.2592611324492841,1.1229930389978302
15.0,2.0,0.9981280566383703,1.0840226791618035,1.1355885652055648,1.0563609270745289,0.9842353536069826,1.115550213780357
16.0,2.0,0.8542242093786312,1.059637597709416,0.904892102700259,0.7922902429588308,0.8481056743926964,1.0451633216408953
17.0,2.0,0.980619194191042,0.9906509976863928,0.6625005986791639,1.0375986229776748,0.894729873343179,1.0992583781451994
18.0,2.0,1.0109066739117676,0.9236958049540444,0.9184011353574768,0.7395166616950016,0.6350322663647278,0.9547298972356117
19.0,2.0,0.9377609497824144,0.8795245837665776,0.9099878031334128,0.8442132298535769,0.6689108946376128,1.1727161486035658
20.0,2.0,0.5852582777689791,1.049990401843599,1.1737470070574043,1.8423725490038105,0.5022623179029198,0.8664402431061257
21.0,2.0,0.5852582777689791,1.049990401843599,1.1737470070574043,1.8423725490038105,0.5022623179029198,0.8664402431061257
22.0,2.0,1.0316299399807716,1.2793890831592551,1.1991543599381829,0.6598314248355939,0.8479104788496492,1.0423620226061767
23.0,2.0,0.9775166851939978,1.0450489414202468,1.9843324974578045,1.744910365723802,0.4735925025883223,1.0272973811803858
24.0,2.0,0.5625867705155846,1.141265222550687,1.2296888236964225,0.8503903321759585,0.5032281893837114,1.0640414635499678
25.0,2.0,0.441145224293263,1.1557489204771856,1.4591832880456068,1.935202246613055,0.7809344510414196,1.0830439032060208
26.0,2.0,-0.10069377951090946,1.3753381454039146,1.2628781672237055,1.259448680240673,0.5228800367764624,1.0271864885691269
27.0,2.0,0.642874103118496,0.7386831366155389,1.0858199672309818,1.3348345194071225,-0.11851989308614468,1.0384597908087794
28.0,2.0,0.6104576141678191,1.1227774105693853,1.751169013979611,1.3307704751162317,-0.984882759946383,1.4946646263426944
1.0,3.0,0.6709851257613235,1.0219190929943587,1.1636745585325259,1.0410178836310782,-1.0510792007575755,0.4655494739137487
2.0,3.0,0.8242029522497379,1.0048604177196723,1.6446100074933143,0.23181963814830153,1.9712828333774832,1.053100200071602
3.0,3.0,1.3194450894319005,1.2287403291270687,1.5225464265088964,-0.741290417603661,0.6424457142273899,0.9770401663158803
4.0,3.0,0.5383271628749252,1.0678881643044456,1.539828371306315,1.1208898744915725,0.47869366902385024,1.1022331472436455
5.0,3.0,-0.07950639240663171,1.3626192536077504,1.8297810653458542,0.3462572666157716,0.9323112221727924,1.1096206523076215
6.0,3.0,-0.9204767439397964,0.6134446032004766,1.4559835985683074,0.46445973791485906,0.8632330184492618,0.8811363923984109
7.0,3.0,1.0086110902942598,1.1042210241513954,1.423099350663645,1.9630887851938128,0.5243356136413702,0.9408174150998745
8.0,3.0,0.811194923021116,1.2514853421279633,1.5082226214877612,1.8339847645984895,0.942379370342514,0.9030396680586275
9.0,3.0,1.5198089570921873,1.1165801440348657,1.4107141522874527,0.30905346361081265,0.7124608914196059,1.1884246533303995
10.0,3.0,0.4495262194254651,1.2947782796098268,1.1999042450017525,2.12396821647273,0.9059770982302229,1.0859026543316663
11.0,3.0,1.1847916449241795,1.2322428626500228,1.1946199790646,0.24459542536937828,0.9721789565408474,1.065418123753542
12.0,3.0,1.0616159189651393,1.2143433826930334,2.0178569624914457,-1.2514758532272974,0.48999353994006634,1.0207785351646836
13.0,3.0,1.235345855660759,1.0594458878542818,1.4890219614752551,2.199449860068359,0.6260446768756459,0.9835590123315824
14.0,3.0,0.1719786531335675,1.0518498552342956,0.9834182834325057,0.26651250110074687,1.1925348328232666,1.0379324324469856
15.0,3.0,1.6701380029674353,0.6529928568554847,0.661459295911974,0.3231466739754563,0.529526988935129,1.1777964027873542
16.0,3.0,-2.822650790849993,1.087395619757901,1.3957325907695628,1.4347536431954682,0.07983255242102855,1.179536442580653
17.0,3.0,0.5405465104767666,1.0305322749153332,1.2808083153661578,1.9991642542083077,0.3998110467586145,0.8901770578422202
18.0,3.0,0.642874103118496,0.738683136615539,1.0858199672309818,1.3348345194071225,-0.028226455990830256,1.0384597908087794
19.0,3.0,-0.39807045004639163,1.168074870066714,1.7817046245060786,0.3937794611611101,0.15722648685381174,1.1801100017310429
20.0,3.0,0.2957234181277482,1.0954995329790589,1.5354179580287939,-1.1562183713764598,-0.32067291869872666,0.9884149787709636
21.0,3.0,1.11411756007324,0.8265466811055109,1.1564651714329344,1.4711045286317532,0.36101285502933567,1.0766238827526478
22.0,3.0,0.5261658802938998,1.112443799336564,1.6704372469202828,1.3845934082063907,0.7635242247346163,1.0820529775191394
23.0,3.0,0.5742897389017461,1.791061450823397,1.070990341751381,0.9206672852588037,1.118431517163839,1.068059494382835
24.0,3.0,-0.31365316559907375,0.8848472099554912,0.8541649333763588,-0.2781272387938011,0.4826092047927672,1.0441065367434264
25.0,3.0,0.5592509804480019,1.1075217999709595,1.3648467315598707,1.503588749751406,0.3899216323218457,1.0311143186613996
26.0,3.0,0.7703155751421924,1.3429541159710205,2.153324597978031,1.1732211443670022,0.4622371744827538,1.0479305381768564
27.0,3.0,0.997556936167795,1.0057217103235179,1.7579261665351575,0.8042343166557413,1.6115321316541547,1.0320496956884113
28.0,3.0,0.4641290520059313,1.0887935362793961,1.3934795345725743,1.1088002816155478,0.019849861296501785,0.9927976207013933
29.0,3.0,0.8365668986575057,1.0974427439886107,2.687695155121982,1.826529479718809,0.4055649577084373,1.085136075712483
30.0,3.0,0.5300095335130564,1.2463506199292367,1.4866219752002445,0.418862883740778,0.452068542941989,0.9656672707520662
31.0,3.0,-0.14045759738652927,1.1647483808561854,1.0017560092230922,-0.01673255501374732,0.6235402776810343,0.9394693903992065
1.0,4.0,0.43460823539306337,1.3051627944324895,1.2454038174517337,1.7172013433425835,0.7579831323725484,1.0810260811601327
2.0,4.0,0.6185681112773723,1.283840370982734,1.2464729728395645,0.7972240136776971,0.772657932424401,1.0058632008897985
3.0,4.0,0.5579907794930088,0.9861358154983595,1.0642023549981303,1.6229517611825095,0.47939445102602957,0.9740159610167434
4.0,4.0,1.800994346600247,1.1217148662335923,1.4323147985749694,1.7241753444685242,1.2027717188201308,1.1257970506369608
5.0,4.0,0.7299902405695353,0.8562153544702404,1.5005419951161052,0.8245441761976491,-0.6234178554126131,1.2040987200505822
6.0,4.0,-1.264307789138748,0.9680367363835491,1.3324755965434707,-0.043588388506797915,0.6735793071769125,1.0089952245657083
7.0,4.0,0.7991296168276112,0.8614494862297581,1.055232661763186,1.4019103552014698,-1.7341585809797766,0.7223356771268157
8.0,4.0,1.0110721482902956,1.3247640052527947,1.350994362367109,-0.020181614806098563,1.025864306202418,0.9195056570343768
9.0,4.0,0.5405465104767666,1.0305322749153332,1.2808083153661578,1.9991642542083077,0.3998110467586145,0.8901770578422202
10.0,4.0,-0.4421527091664152,1.168074870066714,1.7817046245060786,0.3937794611611101,0.15722648685381174,1.1395465902589528
11.0,4.0,0.9831051194506296,1.0560905276595185,0.6374730478623241,0.9861216190116897,-1.7335741470193908,0.9197825906967718
12.0,4.0,1.2110888377404914,0.4210855783908368,1.0790539589922175,1.484435622769692,0.9922245456364278,1.0333974473500724
13.0,4.0,1.1953364541416167,0.8747869381817945,0.7905511710650281,0.5054694896026477,0.22217801996918918,0.5618605211289689
14.0,4.0,1.1102562315290916,1.0610928500048595,1.1163374375703983,0.9866933470322072,0.3276188763704976,0.9689673862221199
15.0,4.0,0.848914988614725,1.0989115712971513,-0.12173122793200056,1.4769215269343758,0.18119780309513595,0.9771964254042964
16.0,4.0,1.046549142387446,0.855806458614361,-0.16230061224605127,1.4167747925071246,0.801357030277612,0.9557501303085906
17.0,4.0,0.7956214068165846,1.0569994635134605,-0.16866187941798547,1.4053789251784878,0.030326708906686983,0.9824313538348453
18.0,4.0,1.540858414623976,1.3945608867934933,0.9169760291127711,1.9203459663344375,0.7669455122963883,0.48350670261024253
19.0,4.0,1.7320654025344426,1.142505879307785,1.7183395866007107,1.3822713021139426,-0.5861636725300406,1.0213419778786075
20.0,4.0,1.408709472776743,1.1965061105151729,-0.8090098751532974,1.426685765433961,-1.9938000323598126,0.912613628682177
21.0,4.0,2.0017323307721444,0.9322646057734811,1.0072717519111034,1.574355233597954,0.6585054793378315,0.6926648437174476
22.0,4.0,0.5678843886961643,1.486836027385226,1.0921660934595994,1.5621665491124608,0.6156805952934579,0.9312221679052007
23.0,4.0,1.3838708032612037,0.9671007350317402,-0.014540580938330445,1.2737799629440114,-1.1542368008671104,0.4580610547524715
24.0,4.0,1.1076757849840244,1.1161384112391575,1.7488480378071254,1.3853204157159613,-1.081759168235212,1.6381046822520922
25.0,4.0,1.2194208582959163,0.8958684256279451,0.9248547423393303,1.4665645127559388,0.05028526605141312,1.2381024290867755
26.0,4.0,1.3485059105410688,1.1631701411299427,0.5332164547814743,1.1879732665978535,-1.0365687994519182,1.1550417039846916
27.0,4.0,1.047938567002959,1.256350901525292,1.0440077907457679,0.9958311730666723,-1.154905451109519,1.0069542722401295
28.0,4.0,1.9089987631306493,1.1412314816814424,1.1527864764594105,1.3828516878571002,-2.7474290142405065,0.8605262249844514
29.0,4.0,1.0967783204981885,1.4245452604484505,0.9109061679001693,1.9918905903778852,0.4365943179137818,0.8907360448010567
30.0,4.0,1.4951576950281513,1.4014197488527174,0.8837905675125417,1.9125023281900944,0.25697542830706943,0.5624129910401745
1.0,5.0,1.9922211058592518,1.3965030002320742,0.8965171467509213,1.6201711596496515,-0.06979460116875294,0.8975034426025281
2.0,5.0,0.3011839399846174,1.3196380510318027,0.6862716042059185,1.064944429694901,-0.08125010992283846,0.928276713472599
3.0,5.0,1.1902920285823824,1.2536538264005335,0.9050129516472256,1.4468237686513719,-0.03582077813615653,0.99995069174328
4.0,5.0,1.71055830709642,0.8947382219391495,1.0701118075193927,1.3664345223292327,-1.1028776107688256,0.8941244465005715
5.0,5.0,1.0799594532173282,1.0350086782195342,1.2531296705771124,1.400707490799636,-1.3929545234231193,1.448209074653657
6.0,5.0,0.7753046729446482,1.2701312262700815,0.1976956859801526,1.486361618515248,-0.5983468841351057,1.2725462512816819
7.0,5.0,1.1225489427286983,1.4019690988450564,0.7618350425121895,0.4384049549628569,0.2240276950009256,0.5246967488775861
8.0,5.0,0.7956214068165846,1.0569994635134605,-0.16866187941798547,1.4053789251784878,0.030326708906686983,0.9824313538348453
9.0,5.0,1.2556129677145216,1.2144075857197991,0.37268896672342794,1.3972256754278813,0.3480430634607942,1.0512740243376653
10.0,5.0,1.159206887408025,0.5172836117633139,0.5289078343878117,1.0826375859349202,0.14519144722862024,1.0282865157121703
11.0,5.0,1.5413554195574108,1.1296569942939036,0.635268877285771,1.3830413830482433,-3.2154058560507544,1.1060505849857032
12.0,5.0,0.7961049515553149,1.0369629105942455,0.6710888384042721,0.6751890407556762,0.5512156186933911,1.2858358273946333
13.0,5.0,1.1973294020060652,1.252655848069711,1.0110869493303383,1.4365935573455075,-0.2749974934642912,1.0163422369729918
14.0,5.0,1.1505749662749425,1.2493364499574595,0.4502981231538235,1.7336039544158202,-0.2690297614149235,1.0136899304477565
15.0,5.0,0.8202337058853801,1.1426248933193028,1.3771827546454476,0.8885201196504011,0.28316141550745244,1.2141400475897912
16.0,5.0,0.7652710267307892,1.2824097688680016,1.1583275691953068,0.9662037470241632,-0.2597172040270276,1.2306419633935968
17.0,5.0,0.9565860157603456,1.469323460615096,0.208943377170478,0.7124797229304991,-1.8472030825051,1.6485903794184953
18.0,5.0,1.8125228302074234,1.5042638456038193,0.9012677962344224,1.1558051543198467,0.09667651190625831,0.3691991005012226
19.0,5.0,1.4997611348010962,1.249165073071141,0.4842610110112874,1.811820802215591,0.06868876970510995,1.1679805368447043
20.0,5.0,1.5512052655378046,1.2112876470752545,0.5043918741833425,1.337816423356895,-3.595078319152914,1.1771103259673303
21.0,5.0,1.2317761121805364,1.1977805081415154,-0.24345676501199714,1.4261053796908034,0.1674653093506532,1.073429381576333
22.0,5.0,1.2813308044082756,1.1180568649154483,1.5496681037233424,1.1977884696214651,-0.9151929954107622,1.1742866039013125
23.0,5.0,1.3114688241458543,1.415187827447767,0.6883761438523818,1.6991167637034987,0.34503668154099976,0.28479711014992626
24.0,5.0,1.0103507781998147,1.2031973332009993,0.8993992934357555,1.9432036791792522,0.410837233209865,1.2504843042480367
25.0,5.0,1.0472288437300774,1.108642828025446,1.0406372668899404,1.0785860452095861,-1.6692613394621307,1.00081537122578
26.0,5.0,1.0469481646075227,1.129999471738131,1.1690833833366356,1.051986472425298,-0.9900530428748751,1.1955284954135337
27.0,5.0,1.8064629147089646,1.2987944292571196,0.3787618996094906,0.1221290211246136,-1.6508151827217439,0.5564142623404347
28.0,5.0,1.2094400886600092,1.3152889181076954,0.8153539072603926,1.7425394163007732,-1.1433401949820765,1.283291873671718
29.0,5.0,1.1553959315887794,1.1783472097745555,0.03277949473599308,1.4306679789969836,-1.1548305990185646,0.7117045992286773
30.0,5.0,1.2013539561297253,1.3995533405270948,1.3229538257242792,2.4038977416147986,-0.06942691661956679,0.9261926307672195
31.0,5.0,1.3933333245684671,1.159670360474133,0.7162763004801068,-0.6954035719706354,-1.4678790749833373,0.45692215051051177
1.0,6.0,0.04331817382293057,1.0951544835160403,0.7927829039362205,-0.5852358031661633,-0.008191856120314478,1.2589420522689088
2.0,6.0,1.3024048331032745,2.9376622788875295,-0.39247508468252423,-0.7377707379682401,-0.22916542213551266,1.9148596024497557
3.0,6.0,-0.04984295369825231,2.1641012372982167,-0.18139800420646826,-0.37720562158586296,-0.4155909009093932,1.5712105234521951
4.0,6.0,1.2230241848796104,0.29623345621761515,-0.7955241000024855,0.46539919106185557,-1.0898330763653472,1.4443870560695558
5.0,6.0,1.2230241848796104,0.29623345621761515,-0.6814094283800517,0.6517808194460338,-1.0898330763653472,1.4443870560695558
6.0,6.0,0.24179563545363542,1.9703404414207746,0.2607153986258655,1.8794037022709762,-0.5034377270705566,1.4473565688442664
7.0,6.0,0.24179563545363542,1.9703404414207746,0.2607153986258655,1.8794037022709762,-0.5034377270705566,1.4473565688442664
8.0,6.0,0.8988608290400566,0.17037317319825995,0.21150071528640657,1.2808964466327057,-2.1984723980756478,1.3985056800295368
9.0,6.0,0.9646677397460479,0.17976216244217813,0.6071674720650557,0.8005597877205942,-3.167766063219941,0.5394385984968865
10.0,6.0,0.5818576237782156,1.210859546054817,0.3098241537916664,1.0964433889485876,-1.9549918011376182,1.184956965717678
11.0,6.0,2.3680572901918757,1.82928996162895,0.16161184892138813,0.9166781787538322,-0.34031357091430386,1.6624189249704246
12.0,6.0,0.3218285122908601,-0.7031754212894932,-0.8275605853294495,0.40775876009433554,-0.596601650039457,0.6824000352919899
13.0,6.0,0.21685673527463856,1.1041553297554902,-1.1627802204258941,1.9069795945366572,-1.0084229071790434,0.905194277478266
14.0,6.0,0.9855602113864357,0.20350831804148997,-0.5086205655427003,0.5687462078818757,-1.1912867607722886,1.4478014690851833
15.0,6.0,1.1374564427573293,0.29929707833926805,-0.6685942467128636,1.0260260078700745,-1.2909694795475992,1.4117752174755824
16.0,6.0,0.40386267585211005,0.7929424812562036,-0.37586104124284264,0.40209486520797844,-2.52484290183174,0.6491281016209582
17.0,6.0,0.6592934309238979,0.9617171284841808,1.5646317183669338,2.355563142853812,-0.12050290662137397,0.6268922733989304
18.0,6.0,-0.6743253048263453,3.5024925755384233,2.322132569322971,2.0394631151304585,-3.4096254496625287,0.4928496059423472
19.0,6.0,1.3257278122941736,-0.8808142854982781,-1.346704479659456,0.9665717511875052,0.5272630299374798,1.3570633824249072
20.0,6.0,-0.18992089770559192,0.33856434649327993,-1.405645889026967,1.3203376503977013,0.6681011950538506,0.9413805607456492
21.0,6.0,0.3991979070733359,2.7506782109422385,2.27735274827466,2.0025146136245744,-1.3790655540155128,1.3382607899021535
22.0,6.0,0.16224259286206505,-0.29658208437563155,0.5537558542271794,-0.4098050368303014,1.9979123081722145,1.3459554963130218
23.0,6.0,0.5087816303535965,0.7200229478490106,2.245244877244929,-0.44694282616236336,-0.628734452153282,0.5784571413584838
24.0,6.0,0.7119172806572748,3.0224678925636796,1.9565639709295288,-1.1584144076340177,-1.096480074315018,0.5280824642747682
25.0,6.0,1.3864259999980306,0.5960662429047223,2.096967312273739,2.2370334675739048,-2.2024457851706623,1.3157242163934038
26.0,6.0,-0.3047485179321838,2.4178530889374295,1.4257395134908968,1.8161152227879116,0.21726069043277624,1.330182642178123
27.0,6.0,-0.12232731981978262,0.38386836276846525,0.3448696891653805,0.9974218237773612,-0.9033267661386561,2.1619173884186518
28.0,6.0,0.9621196329571197,0.9967704029279827,0.008410564888248477,1.3566952770123837,-0.5356884692341192,1.254350051387633
29.0,6.0,0.6017472292899566,0.8379150689264133,0.652816395585327,-0.8800327257194958,0.6295480420825645,0.9224428456817794
30.0,6.0,-0.3047485179321838,2.4178530889374295,1.4257395134908968,1.8161152227879116,0.21726069043277624,1.330182642178123
1.0,7.0,-0.12232731981978262,0.38386836276846525,0.3448696891653805,0.9974218237773612,-0.9033267661386561,2.1619173884186518
2.0,7.0,0.6708946191274318,-0.6150253152417552,0.36972017727972606,0.9265532217532337,-0.5859035317531076,2.2280520076738757
3.0,7.0,-0.36026012907570015,0.6066808415051438,0.2698081549152935,0.900745556586795,-0.9469136509263597,1.3992031589742249
4.0,7.0,0.9010696086467099,0.5073309659737675,0.0002633935468433074,1.3722368329191155,1.805054236921897,1.575480208269165
5.0,7.0,-0.5964680506759432,0.9201982260754281,-0.2880105738130304,1.0052046475562961,-2.062527201571974,0.26505858367515145
6.0,7.0,-0.09878666205449112,1.76157024952476,0.637104257706699,1.1144105223351897,-0.5528841557737839,2.0496372420462596
7.0,7.0,0.247771655135327,1.6090052229684628,-1.1799805206040481,0.5015933791787491,-0.9238276125103098,1.7374746880700467
8.0,7.0,0.1633848652939866,0.6296119758080767,-0.2730930486142169,1.0244108140039563,-0.5402186656436462,1.2916610833573692
9.0,7.0,0.965534422853293,0.14631013453772213,1.2804442737724833,0.9302689997601914,-2.3454648351900516,1.418213932337292
10.0,7.0,0.9553264760708204,0.5013486180846278,-0.5327258505971476,0.8493846686572853,-3.0338209245781944,1.657608129313202
11.0,7.0,0.9553264760708204,0.5013486180846278,-0.5327258505971476,0.8493846686572853,-3.0338209245781944,1.657608129313202
12.0,7.0,1.0226394900952955,-0.11893131370751603,1.0983303055996911,0.8796796304321153,-3.9105580870165633,1.1426304967930838
13.0,7.0,-0.046188702641983576,0.03857989587688408,1.311851319054526,0.6440611077694993,-1.9930604954369946,1.1778636953931012
14.0,7.0,0.3840036018830366,0.6185566816679642,-0.0639249003539237,1.6964757147082699,-0.4576648737799542,0.527226267195167
15.0,7.0,0.536231224405847,0.34749603738551055,-0.07294318260266067,1.6854622910981027,-0.5025198956135298,1.0432174824292428
16.0,7.0,0.9561510254000121,0.20382520110271596,-0.4503114238273821,1.189919643530052,-3.0996231101578253,0.5197303461891313
17.0,7.0,0.5378528783219604,1.408232498447352,0.7598305627656238,-1.3471633502267875,-2.513494042229199,0.7407863839817086
18.0,7.0,0.06907324406721943,-0.22666155236835406,1.1412020134753729,0.5934717384414232,-3.6001807056541466,0.935807440106965
19.0,7.0,0.607874332361012,0.07324796249622571,-0.39176000365926134,1.472312371187449,1.9659635965059248,0.5435194705713626
20.0,7.0,0.12648064129755804,-3.1380774343313096,-0.44768286401838875,1.2330705948089993,-5.227558453254632,2.516127629980223
21.0,7.0,0.024394952318482904,-3.3445205590805176,1.201657485459144,1.9899004597805368,-1.559677862320931,1.0592182643872894
22.0,7.0,-1.2791559210991386,2.7332333504663118,0.2919590467758754,1.0915564637477027,-5.728147240195069,1.1380244810907008
23.0,7.0,-0.5638673215517294,2.3743798780813314,0.2331829735650419,1.162202591868576,-5.36039339343049,1.387745930263141
24.0,7.0,-0.5816489768643679,0.18395683967464355,0.45678566058480485,1.40901144508667,-11.616086084583698,0.48464103923986557
25.0,7.0,-0.721232190607547,0.3493888911602681,0.4616609939162854,1.4338028078522973,-3.032220285636778,0.23169445345341622
26.0,7.0,0.5713363959943196,2.201716945579265,-0.20200602651858965,1.4529777019344687,-6.958532239377821,0.8917741874540163
27.0,7.0,0.547121127516599,0.6873215572671297,0.5615225001215763,0.6936057851324919,-6.011615785693145,1.4165955103254246
28.0,7.0,-0.348485940047421,-1.444086500646702,-0.22982482798544807,1.428444154845669,-5.458555504594052,-0.037446415984455236
29.0,7.0,1.6723919370525056,1.1528858114180416,0.4848555063122614,1.4074410300375926,-5.034181872210958,2.574310680886208
30.0,7.0,0.8790695049445978,12.148333613717602,-0.16424327910792788,1.1156424710446078,-6.442406880668869,-1.1225319823133266
31.0,7.0,0.8035869823527324,-1.9066815468099034,-0.645175171184372,1.4749746877231638,-5.497952121024533,0.7723918054332275
1.0,8.0,-1.6417527431987777,1.1189016189844376,-0.05118995198522297,1.584848557975725,-4.3335558323476135,1.9402402610726197
2.0,8.0,-1.0690783368353312,2.137497678284397,-0.27930559274988764,1.9414742566683132,-4.348051265662505,2.0192861255538217
3.0,8.0,2.0821508862364446,-3.4650726826713854,-0.4212213533086542,1.3843577086161434,-6.286088444662989,2.4876396134338035
4.0,8.0,-1.2839003376254199,8.171802231669428,-1.3564298907696244,0.9670438778659997,-3.96135226830716,0.7335751924433052
5.0,8.0,1.3080367483490085,8.390394170500473,0.4886110244614706,1.288766292340419,-6.2493322851943365,2.6565215436038985
6.0,8.0,1.055687124398335,-0.703217845543942,0.47307583227224514,1.8172104444812935,-4.643527016012064,0.1879676565484656
7.0,8.0,1.1348023619110952,-3.522075673514482,-1.7355540453465979,0.9639530612328919,-5.03538578817537,1.8542657234011302
8.0,8.0,0.07601802785385425,2.5033115391098217,1.185542041981759,1.3275598546961873,-6.537171668289488,0.4078178616469186
9.0,8.0,1.4451237818046219,3.307746884910773,-0.4373634228825254,1.5954383557189074,-5.524728919815251,0.040525287153386325
10.0,8.0,1.3697255358585767,-0.9198095905414804,-0.024121849764555822,1.3848060972357166,-4.36135955558689,0.5320182791485717
11.0,8.0,0.5063379862398691,-1.3422622642503965,0.2911051789196351,1.3288292536435895,-5.468293737233511,1.8339796967119337
12.0,8.0,1.1110565907093575,-1.8275492454137834,-0.38299038953926307,1.7832213676763629,-5.171595008224488,-0.639840223211079
13.0,8.0,-1.7974277797956837,1.5463904695049921,0.44640516514289547,1.64875803115946,-6.946735247928137,2.516766196412254
14.0,8.0,-0.8658577513347574,-0.3504231723267852,-0.45974028649279514,1.4408741255930992,-7.565054428634483,-0.1364168843136424
15.0,8.0,1.4709531930518998,-0.27827417664083653,0.6878959760154799,1.1414896953430094,-6.718772096635886,2.45448107349843
16.0,8.0,-0.8730217142338326,2.132021727067137,0.8914113280525173,1.2133665638302982,-4.5770161625952035,2.4006243132425005
17.0,8.0,-0.14086751847166268,-1.895332435931734,0.05412108235443153,2.7094267583225218,-4.9753525432868875,0.0806521711498942
18.0,8.0,2.516503860562038,0.3340630303150883,0.40823176429426,1.5894227243079535,-1.2007913323110944,1.1671668688703987
19.0,8.0,-0.6765925980301823,5.051675337948639,-2.067288145827083,1.6862940488261633,-5.139632736826562,-1.0149907903920763
20.0,8.0,1.347530895866293,8.721931729659486,2.0008647542325066,1.1597633007887087,-5.370681417281348,4.503812184637404
21.0,8.0,-1.4208505215867544,2.751708357920845,-0.6786762952353167,1.4545184897979055,-4.556730861540723,1.8078908924973751
22.0,8.0,-0.06371132744024183,3.2833523256620123,-0.475814500950616,1.209760525537789,-4.938457297791419,0.4543300713853754
23.0,8.0,0.3610799700362478,-0.10337619947723689,-0.7965453725061397,1.895716874118078,0.3425552879379874,1.271296074006875
24.0,8.0,1.4082255110951685,-0.8160134147738312,0.35067052598118675,2.2048161994225843,-6.105771879246065,-0.3009652441528132
25.0,8.0,-1.9190011263616875,2.1235303024377035,-0.130174035464656,1.3085057213195852,-5.555119962636575,1.564267238144294
26.0,8.0,1.0179885686701566,1.590604430281553,0.3898022796034995,1.5288364687090588,-5.831625989396623,-1.3545995424451616
27.0,8.0,-2.049822035797944,1.8965409914647056,-0.5028016694869323,1.6360922570040044,-4.354801838043353,2.109728271788376
28.0,8.0,-2.049822035797944,1.8965409914647056,-0.5028016694869323,1.6360922570040044,-4.354801838043353,2.109728271788376
29.0,8.0,-0.2725429035119874,2.150313220184892,0.9733044297237611,1.2255111940403498,-4.789925698134222,0.18444288540729276
30.0,8.0,-0.38354638993615314,0.7069176194896837,0.47484996142320524,1.3550277499697205,-4.969478865316879,1.9144556126810746
31.0,8.0,0.7234537214154211,0.41263554137282354,1.922887938152106,0.7424936808642032,-6.495675622857592,0.7915553051670425
1.0,9.0,0.29669618766562045,-2.542993080756302,0.3148013342619805,1.0035686466963702,-6.3747819319607135,-0.2888579628089607
2.0,9.0,2.285073263350626,-1.2680351747047167,0.4742562317439687,1.5152570319940937,-4.8557972413086485,1.675333828554114
3.0,9.0,0.7484433120682791,2.34854662575955,0.9283806401259785,1.5222826680788781,-3.3895009077103806,-0.3078328567982407
4.0,9.0,0.6748216298759345,-1.0038313982068776,0.8988684261522005,1.2078796432419248,-7.449474667753357,-0.6878854375939162
5.0,9.0,1.0936342092869946,-2.778473474541377,-0.35640443053819615,1.356391994099099,-6.542486099846574,1.7202043810443262
6.0,9.0,1.4434768996377825,-1.1823058463967966,-0.13043922871208047,1.4350430796079856,-3.5951427292791447,0.3192661339273808
7.0,9.0,0.952825706496798,3.076330539244011,-0.02017732247461549,1.3797308840490699,-6.688874065722183,0.3771460309888749
8.0,9.0,0.747949283758476,-2.1166284459403113,3.5573082876776168,1.654076531044537,-6.05841530742809,1.5304092511342373
9.0,9.0,-2.6461888067793717,-9.393404372323229,-0.48983865703791646,1.7508481367240258,2.9503442027256046,-6.8775171377593995
10.0,9.0,1.2747842184872014,19.2663955349052,-0.7741982727854082,1.8012952548128942,-3.5174063287730326,-11.746958605892685
11.0,9.0,0.011283768249119863,-1.5084360263283287,1.077247834522094,1.0311901742768048,-11.618908448422706,4.36063475638411
12.0,9.0,0.5450051375140492,0.16944285018794347,0.8136930816921775,1.590995558803621,-7.482486756980444,-2.5643850213604265
13.0,9.0,3.1993449088505,1.7542093343903074,1.6564475522854325,1.3903158219991558,-8.663877754335507,3.0311828223322954
14.0,9.0,3.04940024726288,2.628240863860903,1.0028317576171528,1.6731701838802393,-6.256912264047971,-1.6054143173026207
15.0,9.0,0.6699287394844027,-15.75556663063248,-0.6912981946784532,1.1034755322769803,-6.23697620989287,-4.115395446243217
16.0,9.0,0.3653154165082374,30.130107721560414,0.5119274237159658,1.6192707192338402,-11.620230978298716,3.2310454694433837
17.0,9.0,0.26380663788493564,-6.008772214297186,0.5439955878341072,1.6216432679918293,-3.7727909480967208,-3.081457605739246
18.0,9.0,0.39176677339709426,-10.434040711418582,1.4864157003457472,1.6903605692366983,-4.7449862998048395,5.738710518047715
19.0,9.0,1.4218503412197365,-14.977050847210517,1.4805549549068706,1.4994867592507275,0.7345744662467717,2.079314615210008
20.0,9.0,2.386712416117829,-6.087211190031649,0.6367964536450119,1.5685002786677937,-8.06338997315928,0.9264773844052473
21.0,9.0,-6.488523853453275,-3.756173831070022,0.9205820721297473,1.2981491652905925,3.02689222801526,2.5726064167475453
22.0,9.0,0.4827471473058468,35.758492853839336,0.825966127505261,1.5041338067552947,-9.077722598532974,-2.5752417424911194
23.0,9.0,-1.2109757742552785,-14.10556229533472,0.8729621507071583,1.7749108480104203,-10.558823867679145,-4.798283397470719
24.0,9.0,0.3641210653955398,36.28200729381422,0.9250435578684316,1.723721492154609,-9.009254174871508,0.5636725365992817
25.0,9.0,3.628483969864471,5.749898179323447,-0.47838268279099266,0.8337847643449455,-2.226147390157103,-2.284192860319888
26.0,9.0,2.0649581290215386,5.183653005696131,-0.21959737382125546,2.1704947131198473,-17.2628193689517,-0.7096377994619063
27.0,9.0,0.658959437411103,8.576193835510296,1.345250452615533,1.775869395154347,-0.5819372139141077,1.3024390655974045
28.0,9.0,2.5285683208298635,9.30569290477218,0.07412471909590562,1.7014357145998489,-4.209626416278708,1.2252589230345818
29.0,9.0,0.01444575485066174,35.64339255624379,0.4705474350494078,2.185656755517279,-7.519385121523126,0.4362232408681602
30.0,9.0,2.1788930102849857,8.667078167201748,-0.3803714037231182,2.1633709779625185,-2.7197573629303267,1.09780962730346
1.0,10.0,-6.488523853453275,-3.756173831070022,0.9205820721297473,1.359463358173232,3.02689222801526,2.5726064167475453
2.0,10.0,2.7877607316905313,1.1269418006739496,0.7881794775242306,1.1699223586836263,7.465853781644382,8.852821232537725
3.0,10.0,-0.7119467239856309,2.366426363299342,0.7378975933235251,1.6500319587760426,-14.205448299160459,-16.517917532391657
4.0,10.0,0.23935530133863825,15.830374766191227,0.4973914932795619,1.4536120413226654,-5.216709717688392,-3.0850901236627815
5.0,10.0,1.9431857720518733,2.317282308437231,0.7935559269423946,1.1956515739802969,3.2607261984375016,2.67982160875464
6.0,10.0,-2.0143371409974997,8.68284218643868,0.8998170025945669,2.0343235941967914,-9.311484989833023,2.3493834700541516
7.0,10.0,-0.7747744530485469,-7.2413943853145675,0.9687898047322441,1.5810260373530456,1.9002812608348012,-5.36277200710637
8.0,10.0,0.6847367431678513,6.300353825537694,0.8607098872130413,1.4900937910829937,-11.580795697875539,9.087155833448204
9.0,10.0,0.7633413593366878,-0.4227732758470746,0.7022548456771501,0.8809244743952626,-2.331781654409942,-15.247470497698593
10.0,10.0,4.573143178912515,6.060448844071825,0.7450266512100793,1.295547789353384,1.626025904644461,-1.1644360301741352
11.0,10.0,-2.3225116954423,-13.973658669218464,1.0555395258825506,1.3977458277450103,-6.89107216933707,-2.51151125461078
12.0,10.0,-0.2878957857056801,-5.603244920368589,1.784769273053092,1.6924783569734938,-0.03469532423957611,2.6792724189579036
13.0,10.0,3.2027699232149884,-2.2813822689372167,2.025453956683772,1.761336839729665,-10.609282111263182,3.3548294380870405
14.0,10.0,0.4272395995581396,-2.2842466774403203,1.4854389708460138,1.8093950633089377,-9.911200132439614,5.046143798146479
15.0,10.0,2.528464367609299,-8.544839391533696,1.499912390604396,1.2706776567049796,-9.271531118999192,-4.330514920980649
16.0,10.0,0.22122905329394602,4.871120318073102,-1.7063194312958085,1.6894754094154407,-10.016582562183672,1.555704471985558
17.0,10.0,2.81017704896494,1.4278772224622234,1.5435049736360253,1.3825402949380237,-4.125672189726106,-3.927402722203121
18.0,10.0,-0.2375761943750865,-14.146289033266276,-0.25408705568356893,1.6271425248960827,-8.673351040703135,3.043086501809498
19.0,10.0,-1.7226326307098518,13.562556488289324,1.0527422933657773,1.963407191050484,-8.381321843181949,-3.9053577048908465
20.0,10.0,1.081222169405757,-13.14958354175888,3.855078193105266,1.7375409526452872,-9.274762554767735,-2.862267853763827
21.0,10.0,-2.2481272190086825,-1.1988346224024269,-0.17817955399974228,1.5975523509843044,-5.02325812055724,-1.751773287497433
22.0,10.0,0.2740553530514934,4.161880433436999,-0.9736561584759725,0.9679072507488654,-9.00622639598409,2.0406226935609872
23.0,10.0,3.375423854151095,6.451453022038369,1.2965789473853133,1.9309490139324796,-6.280136919312821,-5.0608993416685175
24.0,10.0,-2.2838615042813815,1.0433077576308047,4.023699320402147,1.6186131401100612,-2.109887671183027,3.655724498210026
25.0,10.0,2.1889145653390547,-9.937346764960202,0.8054824567312987,1.5954068352588064,-2.658452367232865,3.3117469075533696
26.0,10.0,0.30084152820670024,-2.3623428639011976,1.5356910110406474,1.8206071822872378,-6.00134397229911,5.6950910415330185
27.0,10.0,0.8743473551099153,-2.0385322594794335,3.5070562474829834,1.6428644120662368,-9.968271467568593,0.8814620077476983
28.0,10.0,-7.7080969622745155,65.47676534492878,-0.6069354433590957,1.420717663121415,-6.353652819837202,-3.8618039569323743
29.0,10.0,-11.530492468583368,23.194124338835692,-0.04370008961546203,1.5009371679765104,-9.678966451534732,58.00971699393839
30.0,10.0,-0.6703844883892616,112.60336731795469,-1.3898105411456612,-0.1762761639838178,0.9990523095104411,46.956113946201945
31.0,10.0,-2.486547280395737,55.17507902776941,0.351577858973785,1.852877866094024,1.812681350936492,53.834616306651284
1.0,11.0,5.342640721398272,1.9103095235583945,-0.6326140658896122,1.5015679233087056,-20.76368233366853,-37.33609433015111
2.0,11.0,-8.375023277873073,-18.09361753422366,1.1882833160287503,1.4231088665019165,-1.3057580121740968,-44.55349348649504
3.0,11.0,-10.820931300950365,29.777159136899698,-0.7950740690016614,1.3503542835689175,-15.135558101318535,50.36805793993806
4.0,11.0,-14.323022353260843,30.955372604292556,-0.8507843657505274,2.507508880387034,-5.645487968178955,44.900493536449254
5.0,11.0,-14.61097718119646,30.675452813156383,-1.3510418285531474,1.5639052639634214,-8.617835113507702,69.35746071225167
6.0,11.0,-24.040316983428895,-18.55508764007561,-3.7694473506659287,0.4573117031793414,-8.765469788637205,-8.474474703791136
7.0,11.0,-4.640293991915213,-24.072499102059936,-2.1880213235123387,2.213323517717782,-18.2627074753172,21.457889664825746
8.0,11.0,-16.86466400155305,92.05082264802834,-2.7359727905349827,1.2487741246311341,-2.8486348800508683,59.85742440511991
9.0,11.0,-0.06772627540914966,2.38680918621134,-0.6670224263225718,1.7384307611972933,-3.7518305988105842,127.24273385528559
10.0,11.0,7.089059344338028,63.72675449434223,-0.13114053087899566,0.908597559816121,-1.9950095651624185,-19.911094636840478
11.0,11.0,-1.6001224024721923,21.06192750736955,-0.6559238160687003,0.4019096360528999,-5.529510848567053,4.603885140295643
12.0,11.0,-5.627308164654088,30.556803761081937,-0.98824190320312,0.3912893941615762,-2.7828413899458924,27.800692276170675
13.0,11.0,-11.623669857146812,20.730196964053413,0.971387693647104,1.7005661502978928,-6.100021548582758,1.573220017003436
14.0,11.0,-7.403194430969357,11.171569461444305,0.9106301775763473,1.5546245022552405,-4.674436993958392,88.06039406965115
15.0,11.0,-9.871881632060575,32.65738764887705,-2.0358768837781067,1.5333236708101827,-10.525527370322584,-121.75060734670828
16.0,11.0,-7.150982288547677,30.35253251910554,0.40681440988074924,1.126444144531015,9.590181598560765,124.28330549320778
17.0,11.0,-14.106561341553169,-12.052113683900762,-0.19885685624213517,1.3648900645795308,-21.915756219219148,-53.931604704230125
18.0,11.0,-1.8151578313521985,32.36453446435978,-0.1859128470537369,1.195426938081219,-6.0395048809337215,-65.5643720112369
19.0,11.0,-5.279009988455108,32.92808119392579,-1.7327701360984995,1.8208037050195767,-12.649614550272258,63.158676059168066
20.0,11.0,-14.124978458137052,1.811313614034375,-2.2271954693629343,2.022799442389596,-10.688119783891565,57.77359833727
21.0,11.0,-19.534168482736465,25.149976332305666,2.28983301994101,0.5818661818203735,-7.64993930360239,-27.17028860603012
22.0,11.0,-16.70981293086704,-10.819921815599248,-5.738743521385581,1.2771154564028122,-6.15119412815057,94.73889449344968
23.0,11.0,-8.614191504638244,25.620308946288034,-0.8109845354279701,1.5097629850905767,-2.3865800876333974,9.26465530382818
24.0,11.0,-8.614191504638244,25.620308946288034,-0.8109845354279701,1.5097629850905767,-2.390146954570301,9.26465530382818
25.0,11.0,-5.439678411758955,12.626390447572934,0.5233018685710448,1.529545732113215,-2.7693341780377247,46.97500045254544
26.0,11.0,-7.364596455696484,24.07433352012711,0.02997443405780348,1.5957193887792818,-7.021136314792362,35.78791809477055
27.0,11.0,-14.824713033826518,32.273207053355314,0.9092321343158386,1.743335046273899,0.45325665925351366,61.87926704810723
28.0,11.0,-17.030289537275326,32.546993279635956,1.30404207557313,1.9429341848011603,-11.414702070097832,57.96469270729136
29.0,11.0,-12.697706604456508,2.557551646250954,-0.9479980825910235,1.5982049565319678,-5.422329379874345,50.40588133575065
30.0,11.0,-5.309811970273888,12.943425427280784,2.201033792841657,0.7881535917176252,3.657706720265227,-27.64097132272491
1.0,12.0,24.4674141078035,88.77944841805207,-0.7417256418994949,1.4308295687420565,-11.880882227425095,0.2783303991068144
2.0,12.0,-50.59524855619337,-3.827254831498279,-0.9119810059484894,1.0058513820772124,-4.020309813576884,-8.312109812673473
3.0,12.0,-13.661694367311126,19.822223787673888,0.8323568681215473,1.7463743266175362,-4.387147871807206,17.49612101142054
4.0,12.0,-23.96452042024749,-18.55508764007561,-3.830197084774282,0.4573117031793414,-8.765469788637205,-8.474474703791136
5.0,12.0,1.8024553257131601,98.98183733323229,-0.08809844541919687,1.3664867451963312,0.7766099682482139,83.11280060133498
6.0,12.0,-24.040316983428895,-18.55508764007561,-3.7045745448889758,0.4573117031793414,-8.765469788637205,-8.395297568527482
7.0,12.0,-16.74167257872731,63.91438155116464,-2.109355218078216,1.227723915758995,-6.391443134711946,29.740500385759255
8.0,12.0,-1.824043353982393,32.388697869044165,-0.1859128470537369,1.195426938081219,-6.0408691646129276,-65.5643720112369
9.0,12.0,-17.24402538990538,34.14474751983489,3.564316038442116,2.122363967111638,-2.3436102973366166,50.48649904314693
10.0,12.0,-1.824043353982393,32.388697869044165,-0.1859128470537369,1.195426938081219,-6.0408691646129276,-65.5643720112369
11.0,12.0,-15.19882056662586,30.621222298938427,-1.4431496268436201,1.4643408772599786,5.105523392851109,68.09707015773641
12.0,12.0,-10.733150319506175,59.67569636691519,-0.016330693413618924,1.3912637730140331,-3.2575457013343425,3.8740348452335187
13.0,12.0,-4.78452167261547,22.460639430686115,-1.8993616777657205,2.7504607346434886,-9.62266575532553,12.601178734801302
14.0,12.0,-4.114495722645074,54.13330529929629,1.155613995688123,0.37126483541158184,-17.807143244082052,-62.17807938974039
15.0,12.0,-5.253958334463694,50.74677337851481,0.39163016748780005,0.5688646658785234,0.9964282127360766,2.611081851771594
16.0,12.0,-3.802789848548378,53.78644349739094,-0.9952804926630009,-0.2515019024098857,-21.915683542825214,-8.137596640608635
17.0,12.0,0.057324086892137416,70.24511441570071,8.241591019119635,4.420287532121742,0.4125831088205625,-27.156217325082835
18.0,12.0,-46.919256594986194,94.8356136584379,-16.30904028115896,5.173810831457749,3.5879620221599526,28.513580219085163
19.0,12.0,-8.038188581588933,220.81535611941763,-30.439501386064897,3.1335517402190023,-1.7906540838545335,-5.909769432475196
20.0,12.0,-71.14291351625657,5.214242341954289,26.256132528543993,5.0109405336818975,-2.113921717957977,-11.11237012619944
21.0,12.0,-12.228649012381794,61.99685706152573,-7.700384169697072,3.1008028595088177,-1.354141561564785,4.100431745565036
22.0,12.0,-6.219026462149722,38.8102196407767,40.03393277154934,3.2236292071560095,0.030401456059424015,3.0435824170917862
23.0,12.0,-59.32745375214275,32.78635852140321,-57.84005719687885,4.604665389303275,0.02528616211853461,-16.834712297455372
24.0,12.0,0.48460826658206707,26.358617790171635,-9.894594393166528,2.77268561174775,-2.6160512548549137,47.38409844227826
25.0,12.0,-5.392356106078016,57.82385985113633,27.789546512433695,0.7040685128379907,-0.7926947683236774,-9.973095910773964
26.0,12.0,-5.2768308961360715,57.80125986373203,33.63488059361847,4.803507374174496,-1.6130612942123257,37.673104398605695
27.0,12.0,-26.420950814449444,-12.951370987728405,2.5329294754466813,2.4141660366488877,-4.834214108521262,-3.8099371845436707
28.0,12.0,-178.1798728459933,50.96049640863964,-57.780684938103704,7.907268266440118,2.327578092755951,-66.42342112023772
29.0,12.0,-49.67029096985617,-11.054732376282065,57.0087444677521,5.59365641533167,-6.149581265403434,34.493841473399044
30.0,12.0,-96.03751726419469,67.21404611980343,-95.69786897546578,1.156772252066308,4.827476705310165,-24.511030402550514
31.0,12.0,35.64422503111319,31.395872921700768,-2.428361645865889,3.534394621402795,-1.4626736373220957,-56.501818181890215
1.0,1.0,55.46435612172964,30.510814228361927,-8.254135893238972,3.0889789330847544,-0.7678857406859327,-52.63727628809991
2.0,1.0,-44.59482598395449,38.36380332741119,7.261888828276362,14.729306460272076,2.284336953576353,23.680799739171093
3.0,1.0,30.944747421957352,92.05527869277783,2.5730271752223866,3.6916759071216005,-2.5507969295654265,2.9662323198984275
4.0,1.0,-16.6751586128106,43.51858261475396,-9.430558210113373,0.278842687431317,-3.019860503635843,-8.03418221446147
5.0,1.0,-6.666880815615542,63.52491888069424,43.91497212826137,3.89040331902824,-0.9293505840266089,70.57995232157381
6.0,1.0,8.0971977263185,46.07629058848837,-104.52139860584201,4.641315335013432,-2.3575930385322783,-53.38576492012234
7.0,1.0,-24.908495393187394,50.10286985931001,19.3591282592712,15.605277082132504,-2.2891463081966457,-67.7069582601202
8.0,1.0,24.772751884101964,43.36971759026712,-17.595054982699466,4.21883896661192,-5.686678329192231,-5.4280411879103925
9.0,1.0,-4.002306186598545,52.100200834174125,17.509454977790796,1.6171725679842468,-1.476405478509394,-42.74133584617057
10.0,1.0,-17.164928895123268,33.295140458599604,44.2120666077327,7.801214636867773,-3.3539152211428678,-21.882869884144718
11.0,1.0,30.441865160163232,53.56735063546488,46.98421265813552,4.9292573523642425,1.3926328371148415,27.82538529352191
12.0,1.0,-17.164928895123268,33.295140458599604,44.2120666077327,7.801214636867773,-3.3539152211428678,-21.882869884144718
13.0,1.0,42.73468052851877,5.933471624685353,-45.49464815129146,1.6060626611708084,0.15417520867099083,8.805516034236025
14.0,1.0,-35.34177134886003,85.10371244659747,61.199233282806745,4.698251821424859,6.0596841771585535,-41.52761722159272
15.0,1.0,-2.8270632517640575,34.00062725957331,-40.21608473929403,3.6834750289816833,-7.335009460366826,37.79589528189332
16.0,1.0,-44.59482598395449,38.36380332741119,7.261888828276362,14.729306460272076,2.284336953576353,23.680799739171093
17.0,1.0,39.802741210492556,50.24547716811769,0.2657197443580961,1.7612996191415855,1.1391377874629858,13.389321729828291
18.0,1.0,-17.164928895123268,33.295140458599604,44.2120666077327,7.801214636867773,-3.3539152211428678,-21.882869884144718
19.0,1.0,-47.75604508882625,4.123881755020547,-87.73529752179319,16.554916510024334,-2.0959424171634975,-124.05895550014097
20.0,1.0,-52.34482090881123,82.71553946334637,-12.692060057426197,5.221848177852186,0.9084554375698126,-9.100104466778102
21.0,1.0,-21.47362584232837,132.8151467901732,-17.083858651078618,3.4155727552820925,-2.0858915616665463,-14.75302151336245
22.0,1.0,169.88002026183085,164.32471274681507,85.33475185491626,2.502918930175241,-5.40624483140886,-12.399891316433436
23.0,1.0,-195.6081529626844,45.368876982329255,-31.574182665006703,9.355930557021509,-1.3497312809531516,-66.47609677451395
24.0,1.0,23.250002360355296,72.74628281008054,20.33560613254846,1.8670617197073633,1.474831090712661,237.82502839822462
25.0,1.0,-9.117036001729598,57.277053557764106,1.8024003813284306,1.2030777227747829,2.352303549377793,-48.450105264375125
26.0,1.0,0.7237496445638225,41.217581795337935,3.698670554805052,3.454706039349409,-2.6764373320443853,-56.00477511851764
27.0,1.0,0.7237496445638225,41.217581795337935,3.698670554805052,3.454706039349409,-2.6764373320443853,-56.00477511851764
28.0,1.0,33.37890035539162,8.260014563153351,-40.213774301494716,3.91025939567876,-3.8760316084453237,13.83513086424049
29.0,1.0,45.73820158862075,96.97694283976062,-31.773713323131858,5.182340562548567,-0.21939125848657492,9.982569060009995
30.0,1.0,-22.4366460423889,-0.5879067881695095,33.53036741011312,1.6207002649164481,2.348428030606473,-21.167055792931272
31.0,1.0,34.15293479454534,-10.044820199222276,-91.60354157980993,14.339853043016799,-3.23646415027574,-5.57512228122706
1.0,2.0,-66.03505085207138,43.31684098137997,-10.805729481570879,2.109358401734358,-1.143846844218503,-9.307671713396683
2.0,2.0,-9.967561512881971,32.9881001547772,-56.46488592542135,2.8600454792133094,-1.8507274972988053,-15.570937661914261
3.0,2.0,28.985549429983195,50.54420680249413,14.13777240236353,2.4385230174509234,0.42377928794251485,39.547930579671046
4.0,2.0,-35.17362665643742,44.78739477399181,6.640830917288317,3.442796621864603,0.5519106517611753,8.112919292532283
5.0,2.0,106.95114297268103,-24.360607529015958,432.5381058919237,-11.597935905326562,6.81004739590661,-35.268846641038536
6.0,2.0,-279.91241502121767,-40.383952819184486,-99.47259111548183,-70.20363074194057,11.342343551927177,-32.55393921504576
7.0,2.0,-28.21824997113602,44.8838160598203,-257.9992249030996,1.1481520143643231,1.5528852165013904,-104.10997983217568
8.0,2.0,-32.02591309572833,81.3796188187331,-402.3594020669807,-36.073852271444956,5.8216105718077324,23.891979558748613
9.0,2.0,-28.30134263038615,58.71011050878712,-503.5246468760605,-40.71937175338441,35.815657658899994,-44.77175413127504
10.0,2.0,-14.570741678974088,5.633719606044078,959.4161134460969,-9.205125729595293,-16.221593691063177,-29.010006771702614
11.0,2.0,31.01155276601549,65.92305230302534,-164.38077415366087,5.408197618837308,8.744777218994479,48.50410634705587
12.0,2.0,-10.907267145667522,43.85237945603017,-145.71113938831013,-32.07591466166906,10.048004813746397,63.85793500611024
13.0,2.0,93.05066541182558,50.95025779809981,-268.3346971003715,-54.90022536848499,-1.1228769095731017,-55.57105247683977
14.0,2.0,-182.25073827683377,-21.287741272504977,-103.7428770584414,-8.220179508064474,4.640667973333001,-50.8055205192563
15.0,2.0,-99.18087704350805,37.3327843730503,-499.7547191321744,0.42638127939646875,13.64035867721481,-65.97931458483977
16.0,2.0,-68.60955101131265,-9.649796172631891,874.2541008693171,20.276675573890632,10.684010853683528,-35.68695662729409
17.0,2.0,-27.000698255467572,50.07081019929288,-126.21552019314831,-32.453774472187916,-1.8768543992215072,-75.70774424971302
18.0,2.0,70.03275774713158,75.8202764327827,-105.80028727175902,0.02488208114085655,-3.3619998084902316,-56.723851711422796
19.0,2.0,-29.34794639173825,69.29029161956109,-302.17448986850485,-19.452471823807496,8.379684069108935,-74.62008084894876
20.0,2.0,10.817536570736415,33.56126529290603,-63.846379313997815,-32.98669665693878,7.7688447574637784,-114.71048884985223
21.0,2.0,-61.36248475264112,66.09476555499992,-248.40061176992845,-23.153780850723855,13.491340016379485,-8.423779047773635
22.0,2.0,-33.6688429829998,48.72445614101625,-228.06923299048552,-33.855799293603006,8.885316805924738,-23.86192941713201
23.0,2.0,-23.10074697253995,42.97966217000092,-245.1290610332448,-25.061696896900326,3.8808684422366406,326.9910639000587
24.0,2.0,8.98751282236034,57.56565087054064,-217.91713320409823,-15.561160493147945,16.784931849937884,-133.3980476131198
25.0,2.0,28.986449796010014,55.648075377052564,-119.35289279404331,-17.395228076507934,11.671036002846666,-14.653797215920987
26.0,2.0,-87.49954480853143,-54.30415744367079,494.46215228871245,-15.375774547246486,15.127153418326968,-1.489687515396386
27.0,2.0,3.5647090282832252,-104.2256439499287,580.4688340255329,-32.26041741566619,15.203548262496048,-11.813498345822683
28.0,2.0,7.903896132955877,145.65894818181428,584.632120089824,-16.81568879041877,29.899345212560004,-12.165053316560723
29.0,2.0,14.096032453336356,33.04213197563919,-223.66053952383467,-9.658382683944918,3.821234455778805,-50.84331048740561
1.0,3.0,6.001690135723356,36.551111729204926,-99.18471632625538,-10.380566788104254,5.4959628599969115,-146.76536652105685
2.0,3.0,70.03275774713158,75.8202764327827,-105.80028727175902,0.02488208114085655,-3.3619998084902316,-56.723851711422796
3.0,3.0,-25.51626351635345,66.86092546319924,-247.70521757316047,-41.52360445894645,7.503859897835429,-28.022345767772087
4.0,3.0,-67.76963361302973,30.54911799557355,-261.48767102696854,9.039985302792305,4.106198000911191,-9.273016597046192
5.0,3.0,1.7425311952117788,31.465103620211117,-138.93958079427443,-14.279699952125439,-9.133104496731985,-121.47233946250618
6.0,3.0,-94.58734693605838,33.20613145704732,-255.48757194206985,13.968227853349719,-1.5945318431674815,-10.62738266630443
7.0,3.0,-141.63985091289695,-16.05419014422274,593.0815668920186,19.190067070899882,7.958790676439464,-65.8765670994774
8.0,3.0,-27.000698255467572,50.07081019929288,-126.21552019314831,-32.453774472187916,-1.8768543992215072,-75.70774424971302
9.0,3.0,-94.58734693605838,33.20613145704732,-255.48757194206985,13.968227853349719,-1.5945318431674815,-10.62738266630443
10.0,3.0,-55.7536325894073,32.517287382480916,415.86802555470643,-17.003504352506287,18.683290587653318,-109.16336794051693
11.0,3.0,-52.01966637328959,45.586787080427996,223.87580203527023,-33.78725364615009,12.135776532112336,-33.44167157376614
12.0,3.0,-26.340850100416414,76.44636386211462,-639.2036174586683,-2.913169321153907,10.692783825591805,-67.26190126078545
13.0,3.0,-4.552764853251219,54.99575172616379,-166.32349073085499,-0.9552541619798869,-0.15397519531620163,4.595057078186719
14.0,3.0,-7.391060367936227,15.592205585848204,-53.815844531758,-26.57357329602525,-8.532910326155513,-49.66042127528538
15.0,3.0,68.47655657092253,59.08519195996813,-183.22036960260925,-39.12036859453377,-7.39205846690298,-59.13356351220113
16.0,3.0,47.46017969206475,53.99234707405907,-100.6203427894672,-31.31810566441699,4.261202773533267,-114.17382947860595
17.0,3.0,-45.36939700983742,55.15116495449736,-353.4296972231962,-8.136215890071357,20.22026560032606,7.131759931557923
18.0,3.0,5.389144208803366,50.47095006535538,-324.0379274004538,22.698219861897744,5.311743486932595,17.01800932205732
19.0,3.0,-222.54439491008907,7.627471913121914,-480.913551281959,-89.68668535568358,10.274992232561065,-77.47092916767185
20.0,3.0,-171.94094440024438,-22.713219992707607,753.6523176351166,-40.024846363101844,3.9928459668913425,-66.6414563778251
21.0,3.0,22.91003311941118,22.25123543433307,-214.38659527485603,32.64134013797648,-4.566965616607391,-48.895531996937684
22.0,3.0,128.36206061578062,6.9450941601738325,-6.044440515846624,-33.52397275556609,-8.501419335273015,-59.21193305805463
23.0,3.0,-19.915882363530663,64.0872955162663,-275.83068696240474,1.674994539560739,8.726411998865455,-77.4120174541859
24.0,3.0,152.09631488309938,44.0412919824057,-61.07550258504058,-24.900772488744863,4.10542819431035,-42.413093220421125
25.0,3.0,-80.98353241277042,96.1528072721155,-403.82154456246343,-28.968878559637123,22.796912121224068,-59.896522285785586
26.0,3.0,387.17845125797976,-268.9810481187708,-58.24341619990166,-44.055112936188955,14.364770849020097,-38.944304783166984
27.0,3.0,-241.80139298875815,-330.35404487144507,-386.9855439156507,-154.9974792594714,22.713723364204093,-78.44939051816517
28.0,3.0,-119.1845081929095,240.89964707409223,-196.45488957462308,190.06124793853877,-14.867512962236738,-87.98219233492891
29.0,3.0,-102.84527868287503,-141.38588348596758,-113.60375205331964,232.21127242664073,-5.023409118178051,-92.90031564907035
30.0,3.0,-63.0423654166319,-496.66769022293875,-153.38085524134874,-26.2242037041145,-39.60827222495197,-121.70204302303897
31.0,3.0,-56.03061391014714,-43.823110478901114,-160.4103568928142,-80.96092518962541,39.498612406634024,-84.80856624775227
1.0,4.0,-192.9320073665583,-108.66691999995246,-94.01746683717269,-318.90554230722336,-49.85167985619222,-70.10352731269207
2.0,4.0,-179.8980620067172,-205.7118851246883,-118.65090704649812,-106.43539748944512,11.717134135537092,25.367127571410073
3.0,4.0,-123.50387781421216,-122.4124636145928,-107.39294347851754,177.17793952896346,47.07446924417442,-0.7421784467821961
4.0,4.0,-136.3372872179256,-262.15477289248304,-177.335051239894,33.853940513105115,23.617652149410322,77.38963531857576
5.0,4.0,-126.03093578068675,-507.0127513120592,-344.1139290431744,-43.65015996835539,11.997955670273928,-90.58656086741824
6.0,4.0,-100.7643728727849,86.76788310760547,-183.84625723026838,-14.321340991055997,21.617266424432408,142.51199127659237
7.0,4.0,-168.04088893812843,-181.67860223997127,-176.0909358897817,-54.907687001417926,-3.7427876944326814,71.89178688453572
8.0,4.0,-157.2464918010876,64.58771337341739,-134.2960339006516,13.606575700382102,15.935490688074893,-169.37066145420656
9.0,4.0,-66.75698173589161,-337.8488288995452,-136.05957345035358,-162.44860932333916,17.690272033071867,-184.3312900425385
10.0,4.0,-42.21493928519423,171.9859594093408,-176.68734322226643,-148.39616889303647,36.433082056160195,190.17369299224234
11.0,4.0,-147.78845689073813,-720.3226420794381,-110.13264715557038,32.024809651820256,-2.83767599524901,-106.36371023692654
12.0,4.0,-94.78428768377564,317.3981043770414,-81.1870573473322,-115.48924845030558,21.10728309963743,-2.055594148252231
13.0,4.0,-112.0129762627738,925.0834311237002,-119.88599025013646,-36.993506649417334,11.767179016234694,-5.813693754009023
14.0,4.0,-107.74301854499345,-575.4180896186128,-199.74338099033162,-104.31210629094801,11.715021702798255,-38.51222058269205
15.0,4.0,-130.2250504311657,535.8091489634741,-140.1239056387672,-38.89052567407144,33.949722109915236,-24.223857035917113
16.0,4.0,-80.41953359630537,541.1498890191086,-214.75054196516083,107.08616454951614,31.283490964160904,-101.35825796289546
17.0,4.0,61.38718387624453,-457.70896412021,-133.54298138199633,142.13287217922976,19.26464137231549,206.00636930382979
18.0,4.0,-43.37352595657434,-720.1187860253744,-118.33609290989796,-290.0866086479705,6.094916000948331,-130.86792326064776
19.0,4.0,-174.14515360543345,327.4437845510146,-382.18559023382664,-170.50969729597904,1.6107709483076178,18.173828148127804
20.0,4.0,-84.4100852755171,-392.8633636686972,-286.455704314375,-77.57771100197314,19.941685534321838,-26.06610074285485
21.0,4.0,-467.08529982954457,-700.3677258551202,-192.8932468523829,-261.02006579991865,-9.674465271725726,-7.095943048524973
22.0,4.0,-158.80854470079396,119.19464502043245,-40.02734010774318,75.68948820867975,7.525225860374237,-53.00379681314488
23.0,4.0,6.588333352926815,-201.21584322676097,-110.19092010033049,-137.65800133823046,43.49116950684178,-73.5315823271399
24.0,4.0,-62.40411041539612,-78.27784250802807,-261.6163407219798,-149.67570887839636,0.49468235101907143,162.20629490731844
25.0,4.0,-189.12918383232022,435.55406646173304,-272.1489228447505,-199.1887913240721,-42.853731918006105,-20.928825595173397
26.0,4.0,74.39076652017866,-562.4616492753556,-94.62966366629968,-191.98580873259624,42.533563857586614,-13.77074817581662
27.0,4.0,62.57106357748333,-508.920702886101,-112.6496436183585,-36.51856413630815,19.945403101853593,160.39193893507758
28.0,4.0,-79.98658374707618,602.8777778283551,-220.98945913764922,33.698440013944655,19.542760587859586,-100.1800053122529
29.0,4.0,-301.7292654186858,-428.01842764837767,-118.89856201142437,48.65883824209304,-40.45970014558484,-14.975361998409149
30.0,4.0,-111.54301618569087,-6.601429161238261,-178.9015315359405,3.6822735056458136,23.848074940903608,128.21772520099825
1.0,5.0,-18.24847462110077,120.95301368333348,-70.2783104187391,-87.47237587509505,-35.83185152995491,-40.4727839553649
3.0,5.0,54.72651205326547,193.62144051832485,-162.96465303744785,42.87756291039907,15.699127491234934,-132.5234280771604
5.0,5.0,-71.19613450109757,611.8042066422454,-171.94068768050317,-39.64715994322785,15.7356138255265,-151.70169705993138
7.0,5.0,86.064713753313,137.19446050585503,-191.95802614964768,47.59190890727793,11.728580249204292,-50.51477292534017
9.0,5.0,34.573941978073734,-338.29845882090865,-130.78623275977165,71.29077249451004,56.86081428688667,163.67743006208983
11.0,5.0,-50.15241342444879,-385.4750630801475,-131.50429020413023,-220.27297527565548,-6.426717103564638,120.90947405188427
13.0,5.0,2.1430711503447064,-197.92771187599678,-67.73207824052686,-91.96252672932745,-14.399030029639524,-42.278438808825655
15.0,5.0,15.5829123574509,117.35300291351166,-67.99005978099689,-68.654224178453,-13.04172183506692,-44.09503221068682
17.0,5.0,-61.54072504358189,-256.34190307566405,-71.67369146057717,120.79152382494942,23.64439388661925,-88.99395969449823
19.0,5.0,26.662327738539375,-167.84670304084142,-137.7808805848177,-298.8604139671422,23.511596208911303,125.00931705763495
21.0,5.0,-51.85713827382254,-283.9154920092123,-117.80863889214443,-150.00612481207125,8.018582586354823,86.6561413111049
23.0,5.0,44.47495905818139,-323.2991667110158,-130.34615897632253,85.0501990459417,11.206580627449334,31.665731298184802
25.0,5.0,129.00613522694155,-245.50447371065974,-221.98644034694334,-904.2304063227862,23.61698028430884,-63.151535364072004
26.0,5.0,-98.46447777834285,-412.7164292238141,-90.28959899733195,-7.7842389985509755,19.69397082246794,-115.28316650523229
27.0,5.0,-658.565782661563,793.278053586561,-435.1187015940958,469.9542439849798,62.076809927994915,-130.2706825673123
28.0,5.0,-50.36626401751897,35.90591759153546,-559.0755629986736,207.8244600268436,-17.979995900088184,334.9459771503193
29.0,5.0,-449.3232867364311,388.3276394970377,120.06422186097663,-412.3330747635936,-50.926758568617444,-190.20337694357468
30.0,5.0,-9.68375832213978,1049.530719521184,-486.9866463873062,361.7009087210969,-28.156528598074495,-121.6042612306072
31.0,5.0,288.36881936435594,605.9080517748745,-387.84715166412116,104.36177483723849,-23.571141742423915,18.955920323976372
1.0,6.0,-1185.8428437821283,-359.17473783007983,-383.61054327839247,-5.3112856781494475,-22.79165783099092,-119.12009297065453
2.0,6.0,-201.62853018202352,855.0194651203078,-215.6031379131732,-327.14588748210775,-3.8084900772558505,-191.66021825658186
3.0,6.0,-402.605541789293,422.2946699727812,-617.0418807111082,-80.99797519585383,4.497915453223797,-183.92995388731566
4.0,6.0,-77.15968892323644,378.4975915700503,-700.9162168662069,1143.3518261455713,-56.19721773577072,-157.84215143697318
5.0,6.0,-151.05712723447317,93.76156717864039,208.87617166047283,-98.46873465750281,-48.42098015121755,-50.859418817044194
6.0,6.0,-365.0171863228363,353.92257144644213,-406.80789119884605,183.42680555897493,-37.01976392978732,-96.51492210820139
7.0,6.0,-710.4699983973649,386.0721533576566,-321.4964872998171,-162.7678452436757,-3.2180136150022602,-171.5827592930534
8.0,6.0,-164.60154664487837,23.73478509101793,10.783632075143284,853.9358121598805,-39.48639583332438,-18.533516492851362
9.0,6.0,2128.952230822801,878.414171244527,-385.14405030233013,-328.6410702555622,-18.43049678855864,-287.36389044930246
10.0,6.0,-448.3121119719305,525.1548384036658,80.65039521624544,545.6692299513591,-20.47618209629288,-117.64994112665408
11.0,6.0,-426.1746186020165,489.7063611051548,-344.81287967344264,46.69341607185936,-17.468030550237454,-531.2102447440599
12.0,6.0,284.47631229894864,104.90013893929503,-555.07135917502,204.09181814746668,-22.85561185259007,378.89662583445124
13.0,6.0,-1291.2934093854979,542.6019817364411,-381.0976687905651,92.34054610277825,-18.802841583724764,-50.803569655344205
14.0,6.0,-1082.590878497286,-111.9806552768233,-371.97810405994863,-54.70125193172539,-20.17793902623927,-0.0199916587599418
15.0,6.0,5103.509631365337,-110.06384076027148,-103.1565486032477,942.9461348173909,-41.92003260299326,-125.61392208327408
16.0,6.0,783.2826407438811,63.6679192890344,-446.5802231663442,380.40416068170236,-25.611385344504676,-130.35380939087727
17.0,6.0,-271.2159351060147,334.3529710874988,-528.3460996105002,-118.6506884798139,-7.1261918067185235,-109.19995874701462
18.0,6.0,330.03105805179626,437.28190228057264,-373.97971062542746,105.42584580766757,-82.22843701434334,-46.460388701658815
19.0,6.0,-1338.1398741703795,447.78538951313686,-512.6643242848608,132.04992064608658,-13.01854051859457,-70.12705456566013
20.0,6.0,913.7597679429816,-2.799536046027953,-461.70998294286267,-148.97131427370635,-35.34909014131921,-144.56795293894442
21.0,6.0,913.7597679429816,-2.799536046027953,-461.70998294286267,-148.97131427370635,-35.34909014131921,-144.56795293894442
22.0,6.0,795.8573379094418,-44.60105359655879,-461.01567496869643,423.2303398386373,-28.077318038544497,-259.04314642123825
23.0,6.0,1786.5442476624326,317.4948744042012,-677.551641718973,-177.6300692436411,-33.3971552658726,-147.85588777639708
24.0,6.0,-48.158801776779626,1623.4341789257535,-34.67233608169741,331.5282012807284,-3.7873550229281774,110.68020715629612
25.0,6.0,725.9923315322297,841.1036955927458,-553.1172433620602,-61.82777991983115,-8.482995577148694,-210.45331824880225
26.0,6.0,-375.7636340378433,1168.171284239606,-342.0951529380648,-235.11198146391882,-18.907789217398385,-139.70527297213823
27.0,6.0,-463.4320802790383,388.16472913160794,-296.4525118838634,755.8203930370481,-14.146468152216203,-133.1169517322067
28.0,6.0,-426.1746186020165,489.7063611051548,-344.81287967344264,46.69341607185936,-17.468030550237454,-531.2102447440599
29.0,6.0,1097.4260444308725,316.08901578022835,-469.1660784126884,499.240578820497,0.04827935726438781,28.67231180221834
30.0,6.0,-430.00663506944295,525.0049323646153,27.42075206199985,141.30114157071836,-18.681539891427306,-255.68813815246887
